MD(ft),Hookload(kips),Torque(klb-ft),SPP(psi),Torque(klb-ft)
3056,114.293165,,,-0.577208
3056.5,114.293025,,,-0.577280
3057,109.400000,,,-3.100000
3057.5,108.075203,,,-3.131776
3058,111.105594,,,-5.266693
3058.5,111.300000,,,-3.050000
3059,110.300000,,,0.000000
3059.5,109.700000,,,-2.033333
3060,108.500000,,,-6.100000
3060.5,108.500000,,,-6.100000
3061,112.400000,,,-3.100000
3061.5,112.400000,,,-3.100000
3062,112.772773,,,-3.100000
3062.5,112.900000,,,-3.100000
3063,110.014707,,,-3.100000
3063.5,111.459017,,,-3.307272
3064,115.707454,,,-4.258535
3064.5,111.380935,,,-5.334652
3065,112.946566,,,-3.992452
3065.5,112.056381,,,91.048299
3066,112.023324,,,102.208429
3066.5,111.791023,,,426.607051
3067,112.190248,,,998.874187
3067.5,110.903605,,,910.359896
3068,111.907101,,,1060.073222
3068.5,111.764348,,,962.095210
3069,111.417078,,,1089.407600
3069.5,105.324721,,,1547.556744
3070,104.636942,,,1900.258707
3070.5,106.795661,,,1772.611292
3071,104.784361,,,1994.665070
3071.5,104.407313,,,1755.349836
3072,104.926791,,,1852.470294
3072.5,104.619676,,,1788.838999
3073,105.564600,,,1981.664102
3073.5,105.204250,,,1930.098050
3074,105.170327,,,1894.665262
3074.5,106.463558,,,1565.939416
3075,103.793265,,,1778.632159
3075.5,106.176434,,,1704.252337
3076,102.557618,,,1541.788628
3076.5,104.296355,,,1662.530286
3077,103.654084,,,2444.796042
3077.5,103.493747,,,2118.773689
3078,104.645522,,,1917.337147
3078.5,104.692049,,,1851.391853
3079,106.250736,,,1512.377406
3079.5,105.517273,,,1720.455888
3080,106.282554,,,1970.948947
3080.5,105.836992,,,1579.587869
3081,104.985533,,,1743.167580
3081.5,104.342849,,,1837.340099
3082,104.629179,,,1674.501157
3082.5,104.571839,,,1793.818182
3083,104.208802,,,1901.578990
3083.5,104.871031,,,1759.962876
3084,103.764885,,,1816.977809
3084.5,104.812467,,,1539.316384
3085,104.322048,,,1896.269764
3085.5,104.493775,,,1915.678032
3086,103.698309,,,2270.787733
3086.5,101.863689,,,2274.614928
3087,101.363754,,,2539.488940
3087.5,100.972240,,,2205.838207
3088,101.841659,,,2858.999798
3088.5,102.894753,,,2365.345757
3089,101.200497,,,1960.536256
3089.5,101.507765,,,2029.162384
3090,99.242869,,,2667.226203
3090.5,102.979726,,,2344.288254
3091,100.635977,,,1829.406787
3091.5,104.207937,,,2753.949999
3092,106.008413,,,1616.028710
3092.5,103.693912,,,1701.634690
3093,102.820382,,,1853.870306
3093.5,103.707293,,,1979.948852
3094,102.747260,,,2291.899536
3094.5,99.975022,,,1799.152016
3095,100.729924,,,2348.905973
3095.5,102.732847,,,2768.587380
3096,101.745797,,,2008.323287
3096.5,99.562883,,,3387.233048
3097,103.927045,,,1866.095373
3097.5,101.788222,,,1464.818751
3098,100.987144,,,1675.321929
3098.5,100.651482,,,1325.516650
3099,103.120798,,,1549.296960
3099.5,106.116234,,,1430.163186
3100,103.794713,,,1699.357767
3100.5,105.373116,,,1671.478268
3101,103.777887,,,1842.704170
3101.5,99.976514,,,2358.566471
3102,99.095152,,,2188.012071
3102.5,100.250770,,,2448.850326
3103,102.605839,,,2016.122901
3103.5,105.425441,,,1731.445627
3104,106.110719,,,1673.811682
3104.5,105.175566,,,1551.905485
3105,106.750188,,,1696.769829
3105.5,110.503503,,,1331.764758
3106,111.775097,,,1210.500769
3106.5,107.238193,,,1584.594500
3107,103.301693,,,1893.483262
3107.5,103.015158,,,1866.312745
3108,103.015500,,,2144.323285
3108.5,102.348440,,,2048.173122
3109,102.305570,,,2863.070718
3109.5,102.123214,,,2620.816180
3110,103.750566,,,2110.954763
3110.5,103.885556,,,1816.242450
3111,106.464261,,,1668.506106
3111.5,105.974485,,,1652.054507
3112,106.803185,,,1702.546004
3112.5,105.198790,,,1676.091096
3113,105.040868,,,1867.687776
3113.5,104.917886,,,1868.394210
3114,106.079188,,,1866.703310
3114.5,103.899698,,,2347.303266
3115,100.159031,,,1454.411884
3115.5,101.672051,,,2038.920401
3116,107.353495,,,1882.143315
3116.5,108.456069,,,1742.736215
3117,107.236973,,,1726.950493
3117.5,107.791373,,,1716.194122
3118,111.125655,,,1239.989496
3118.5,112.643161,,,1147.824481
3119,112.680033,,,1186.310259
3119.5,112.956499,,,737.334177
3120,113.246606,,,630.901793
3120.5,111.718197,,,578.546308
3121,112.762967,,,579.394569
3121.5,112.294548,,,518.605690
3122,112.682726,,,565.104157
3122.5,113.680782,,,547.606932
3123,113.166211,,,598.596038
3123.5,112.873437,,,607.030586
3124,112.785517,,,610.247769
3124.5,112.795705,,,606.816256
3125,112.164676,,,600.137660
3125.5,113.412859,,,550.502584
3126,113.509199,,,588.997403
3126.5,112.190522,,,592.383492
3127,113.244783,,,569.306494
3127.5,112.040503,,,591.886104
3128,112.175991,,,603.678373
3128.5,111.177412,,,556.944054
3129,112.545451,,,564.534333
3129.5,112.354059,1559.593064,968.864138,681.339516
3130,110.034013,1527.367547,970.425534,1102.610226
3130.5,109.025000,1861.255229,988.062371,1367.950000
3131,,1386.003925,974.051694,
3131.5,,1032.725535,931.600687,
3132,,1071.091878,902.696974,
3132.5,,1447.687254,958.316499,
3133,,2087.552276,1011.804699,
3133.5,,1829.550191,1006.624278,
3134,,2361.561461,1027.588406,
3134.5,,2535.041610,1115.691980,
3135,,1949.436830,1041.392755,
3135.5,,1863.217196,1007.332202,
3136,,1990.348991,1016.353392,
3136.5,,1982.363819,1034.178821,
3137,,2255.406036,1030.253510,
3137.5,,2739.151083,1087.224044,
3138,,2580.890060,1093.132679,
3138.5,110.682801,3163.139696,1125.138107,303.207719
3139,110.623674,2893.505060,1148.672665,91.661906
3139.5,101.324323,2367.711234,1063.616405,-3.197785
3140,96.948273,678.670130,524.344440,25.459449
3140.5,97.566921,63.218076,61.721776,3181.199405
3141,98.000000,580.733898,345.305785,3392.257792
3141.5,,3425.163491,1183.730904,
3142,,3559.971164,1250.501414,
3142.5,,3729.052455,1264.495915,
3143,,3855.036114,1292.144563,
3143.5,,1698.530485,1071.852757,
3144,,1435.420233,1044.429975,
3144.5,,3663.146820,1154.950978,
3145,,3943.155658,1254.578029,
3145.5,,3894.428001,1271.014720,
3146,,3837.069018,1260.141302,
3146.5,,3686.373398,1254.497503,
3147,,3866.396627,1247.523293,
3147.5,,3293.842314,1228.472011,
3148,,3907.758806,1223.798492,
3148.5,,3769.797023,1247.687492,
3149,,4248.719964,1249.150394,
3149.5,,3841.915498,1260.953784,
3150,,3266.404734,1209.739556,
3150.5,,2910.340187,1163.382611,
3151,,2679.621281,1143.651812,
3151.5,,3189.834049,1163.159854,
3152,,3876.127778,1236.494083,
3152.5,,4280.104231,1268.826042,
3153,,4221.014751,1273.896059,
3153.5,,4852.820370,1331.384919,
3154,,4495.233659,1351.002270,
3154.5,,4545.224862,1353.985217,
3155,,3982.375602,1321.484844,
3155.5,,3784.306261,1310.758212,
3156,,4154.731644,1292.132942,
3156.5,,4567.379389,1347.370683,
3157,,4368.470059,1340.300264,
3157.5,,4409.284778,1357.686182,
3158,,4317.025103,1344.633862,
3158.5,,3530.860554,1292.044747,
3159,,4615.304544,1288.444152,
3159.5,,4660.127794,1345.448554,
3160,,4253.023558,1351.733587,
3160.5,,4350.375368,1315.310289,
3161,,4347.968357,1329.790584,
3161.5,,4179.351452,1334.721064,
3162,,3754.769868,1310.818875,
3162.5,,3837.206521,1278.491955,
3163,,4255.514642,1303.307550,
3163.5,,3613.200211,1300.721659,
3164,,3440.306780,1230.816186,
3164.5,,3827.990917,1276.769591,
3165,,3804.639819,1287.827817,
3165.5,,3396.977895,1246.580240,
3166,,3131.818995,1236.514378,
3166.5,,3204.440011,1189.640273,
3167,,4185.777276,1274.400811,
3167.5,,4440.471980,1320.721427,
3168,,4257.268948,1342.720328,
3168.5,,4134.668692,1324.643066,
3169,,3081.369808,1251.421226,
3169.5,,3964.454969,1267.484043,
3170,,4141.678631,1299.872252,
3170.5,,3901.920164,1295.113859,
3171,,4311.183294,1293.896161,
3171.5,,4650.490492,1348.027017,
3172,,5047.843532,1375.695870,
3172.5,,5109.318458,1396.553696,
3173,,3914.857151,1331.832441,
3173.5,,3125.667802,1255.814372,
3174,,3853.607465,1305.455465,
3174.5,,3718.205334,1291.540438,
3175,,4430.234406,1305.797257,
3175.5,,4556.875304,1360.287549,
3176,,3433.353428,1281.969310,
3176.5,,2791.580572,1209.342361,
3177,,4029.512981,1225.124495,
3177.5,,4628.326128,1355.388666,
3178,,3734.246318,1317.838517,
3178.5,,3698.608340,1284.774187,
3179,,4169.282353,1318.117180,
3179.5,,4888.805230,1377.710091,
3180,,4779.370210,1391.783125,
3180.5,,4109.487466,1364.325448,
3181,,3546.941610,1290.319067,
3181.5,,3755.317543,1288.546220,
3182,,3979.144425,1309.520528,
3182.5,,4057.028055,1318.564265,
3183,,3985.929867,1341.591148,
3183.5,,3884.695488,1305.184618,
3184,,3971.535378,1352.120856,
3184.5,,4704.608100,1381.125530,
3185,,4360.002096,1376.260940,
3185.5,,2834.803886,1277.736593,
3186,,3350.061463,1220.647392,
3186.5,,3545.403965,1273.623370,
3187,,3530.429934,1285.766128,
3187.5,,3620.304602,1258.687459,
3188,,3836.607951,1280.918259,
3188.5,,3596.665354,1279.466834,
3189,,3886.196630,1297.272410,
3189.5,,3825.999546,1308.600668,
3190,,3245.164443,1278.343612,
3190.5,,3972.579299,1286.275036,
3191,109.489668,4607.976692,1332.344297,1349.801496
3191.5,109.521688,3379.899720,1318.192613,1338.219682
3192,108.555251,3598.180842,1240.642738,1366.946968
3192.5,104.565257,3395.743212,1274.530759,1961.531815
3193,101.987111,3029.948781,1365.827405,2457.723447
3193.5,,3373.979545,1415.641037,
3194,,3297.775844,1430.629539,
3194.5,,3027.847271,1385.794632,
3195,,2937.489447,1384.081138,
3195.5,,3113.905263,1389.563297,
3196,,2905.387355,1384.960181,
3196.5,,3540.238880,1405.018820,
3197,,4221.594747,1488.395087,
3197.5,,3748.917464,1497.900941,
3198,,3803.952120,1503.037348,
3198.5,,3329.973010,1456.781160,
3199,,3442.348650,1458.374245,
3199.5,,3548.611617,1438.490514,
3200,,3234.898881,1421.855938,
3200.5,,3433.767535,1418.648106,
3201,,3875.068936,1491.840714,
3201.5,,3989.812737,1473.339601,
3202,,4130.727554,1527.506872,
3202.5,,4095.301880,1514.262056,
3203,,4116.713159,1537.142725,
3203.5,,3854.254811,1507.849719,
3204,,3670.782772,1479.874997,
3204.5,,3683.586105,1465.960860,
3205,,3337.567461,1463.643087,
3205.5,,3580.856599,1472.669078,
3206,,3654.226441,1482.296354,
3206.5,,3943.283248,1495.677683,
3207,,3936.016626,1481.741775,
3207.5,,4364.609877,1504.511275,
3208,,4348.132362,1520.665801,
3208.5,,3616.684085,1494.876674,
3209,,3346.381629,1467.178326,
3209.5,,3397.631377,1464.100767,
3210,,3264.472800,1431.334596,
3210.5,,3445.177029,1468.987659,
3211,,3759.019025,1475.745182,
3211.5,,3679.319988,1494.098141,
3212,,3269.814602,1448.211306,
3212.5,,3781.642189,1471.372047,
3213,,3804.055061,1469.152085,
3213.5,,4298.281939,1514.568227,
3214,,4126.567058,1506.507459,
3214.5,,4355.393618,1525.748793,
3215,,4652.351856,1534.638122,
3215.5,,4307.589213,1553.257941,
3216,,4362.766492,1554.872586,
3216.5,,4322.073578,1557.980814,
3217,,3545.276927,1493.474808,
3217.5,,3359.008361,1448.553957,
3218,,3200.024738,1451.236158,
3218.5,,3302.175831,1423.462956,
3219,,3804.444580,1447.109369,
3219.5,,4132.112031,1497.556437,
3220,,4534.431197,1538.428632,
3220.5,,4356.298815,1565.028890,
3221,,4193.215749,1561.766601,
3221.5,,4464.391239,1569.922129,
3222,,3735.811706,1527.155145,
3222.5,,4146.171878,1553.409639,
3223,,3651.385122,1521.725548,
3223.5,,4277.032673,1502.730956,
3224,,4556.754251,1568.102470,
3224.5,,4919.742378,1596.225299,
3225,,4315.545626,1571.409297,
3225.5,,3763.624899,1521.641235,
3226,,3555.952499,1470.157290,
3226.5,,3646.423484,1482.985123,
3227,,4080.775721,1515.990169,
3227.5,,4607.257410,1552.287523,
3228,,4542.893913,1573.408998,
3228.5,,4761.749165,1590.220641,
3229,,4578.858635,1576.901061,
3229.5,,4857.683141,1609.113274,
3230,,5007.183585,1602.805022,
3230.5,,4694.211999,1610.426483,
3231,,4159.744922,1562.940444,
3231.5,,4221.815554,1519.911510,
3232,,4608.645745,1567.901318,
3232.5,,4143.472734,1567.867006,
3233,,4541.549267,1564.406363,
3233.5,,5031.246471,1636.337284,
3234,,4696.878957,1622.623182,
3234.5,,4943.209563,1617.339180,
3235,,4922.586446,1626.771364,
3235.5,,4808.780376,1627.700072,
3236,,4976.772403,1623.725301,
3236.5,,4653.030216,1595.423378,
3237,,4344.491843,1589.110987,
3237.5,,4400.971325,1572.451836,
3238,,4647.546806,1596.818626,
3238.5,,4551.224898,1588.476269,
3239,,4345.627995,1544.453782,
3239.5,,4122.381592,1563.718707,
3240,,4261.902249,1559.889035,
3240.5,,4485.059116,1573.186177,
3241,,4647.026800,1571.632152,
3241.5,,4785.395908,1582.819403,
3242,,4576.093772,1603.754019,
3242.5,,4179.921587,1573.831065,
3243,,4337.460362,1553.689257,
3243.5,,4647.819602,1564.323814,
3244,,4649.300096,1601.828725,
3244.5,,4754.368711,1604.656098,
3245,,4557.053762,1595.676309,
3245.5,,4880.983448,1581.187627,
3246,,4060.169174,1576.906612,
3246.5,,3527.059221,1520.066137,
3247,,3536.136577,1515.791635,
3247.5,,3892.631768,1505.327712,
3248,,3962.061248,1519.198084,
3248.5,,4186.546650,1516.606064,
3249,,4758.943651,1575.110642,
3249.5,,4547.927900,1592.120726,
3250,,3880.139786,1554.662861,
3250.5,,3919.744220,1527.192957,
3251,,4930.157628,1549.601389,
3251.5,,4790.367985,1628.929086,
3252,,4463.143218,1597.450616,
3252.5,,4805.233116,1627.749234,
3253,,4724.620250,1641.136006,
3253.5,,4440.152153,1620.123074,
3254,,4893.080712,1650.243881,
3254.5,,5596.707270,1656.373448,
3255,,5049.159583,1671.435901,
3255.5,,4055.311461,1589.288575,
3256,,4103.408594,1532.790843,
3256.5,,4961.804310,1594.509530,
3257,,3923.298201,1562.864535,
3257.5,,4017.960517,1517.609216,
3258,,4743.302589,1578.504697,
3258.5,,4948.088356,1629.823050,
3259,,4633.715529,1619.634999,
3259.5,,4654.253804,1632.663941,
3260,,3944.918538,1584.695684,
3260.5,,4350.810654,1573.891420,
3261,,3808.960928,1546.993733,
3261.5,,4181.079779,1561.613425,
3262,,3992.561502,1577.336183,
3262.5,,3777.462833,1514.129687,
3263,,4167.149740,1538.557563,
3263.5,,4612.687897,1584.239345,
3264,,4841.692201,1613.893919,
3264.5,,5014.074391,1655.738785,
3265,,5140.788054,1662.865887,
3265.5,,4731.850510,1642.001180,
3266,,2914.644453,1506.592050,
3266.5,,3276.650665,1441.996636,
3267,,4072.457872,1528.834105,
3267.5,,4505.074309,1594.477801,
3268,,4363.659658,1590.767363,
3268.5,,3847.837976,1546.880225,
3269,,3876.490642,1515.917064,
3269.5,,4174.938032,1542.076322,
3270,,3469.023045,1524.931070,
3270.5,,3724.285433,1501.051690,
3271,,4391.044357,1552.214582,
3271.5,,4510.468435,1589.095406,
3272,,4405.249640,1582.255404,
3272.5,,4309.542782,1573.342073,
3273,,4599.496116,1607.004248,
3273.5,,4352.656118,1615.071311,
3274,,3884.247666,1592.144961,
3274.5,,4080.558309,1579.325536,
3275,,4313.343304,1595.739134,
3275.5,,4069.289138,1588.422677,
3276,,4278.338696,1594.844812,
3276.5,,4673.371573,1609.827481,
3277,,4211.269646,1623.953850,
3277.5,,4453.157198,1594.457521,
3278,,4596.527404,1617.029387,
3278.5,,4795.294863,1628.385991,
3279,,4537.764178,1637.554175,
3279.5,,4820.208952,1648.720914,
3280,,4703.267194,1632.885049,
3280.5,,3693.803329,1585.136755,
3281,,3113.020973,1478.925728,
3281.5,,4254.811418,1527.820826,
3282,,4473.477080,1603.663479,
3282.5,,4508.829158,1610.346816,
3283,,3884.625359,1611.478132,
3283.5,,4010.809674,1551.163839,
3284,104.868640,3946.923468,1558.301972,944.193950
3284.5,104.853888,3916.207366,1522.661051,875.493680
3285,104.662210,4136.742151,1570.875498,771.577604
3285.5,,2851.172657,1506.163430,
3286,,2325.153525,1475.289902,
3287.5,,834.049668,1301.666061,
3288,,1100.037088,1307.431056,
3288.5,,1672.092931,1353.501458,
3289,,1811.547962,1368.185348,
3289.5,,1779.993423,1364.603589,
3290,,1603.343088,1371.704417,
3290.5,,1244.117842,1381.716373,
3291,,1200.687939,1371.591856,
3291.5,,1217.396199,1366.229527,
3292,,1456.646979,1379.407550,
3292.5,,1368.842574,1361.789205,
3293,,1378.014284,1351.900280,
3293.5,,1343.169984,1352.331025,
3294,,1352.051048,1354.822881,
3294.5,,1171.771735,1332.477252,
3295,,1008.125662,1313.423772,
3295.5,,1098.475336,1324.932076,
3296,,1230.929159,1338.168039,
3296.5,,1151.646454,1336.874650,
3297,,1466.723409,1391.564745,
3297.5,,1485.209851,1404.283237,
3298,,1628.917263,1398.456046,
3298.5,,1622.639233,1396.811590,
3299,,1448.581655,1374.787373,
3299.5,,1471.600279,1364.157133,
3300,,1445.020780,1362.184280,
3300.5,,1448.998249,1365.324890,
3301,,1377.345381,1362.088953,
3301.5,,1406.813527,1361.636570,
3302,,1360.890702,1363.605508,
3302.5,,1368.312658,1365.358889,
3303,,1337.788671,1354.922968,
3303.5,,1330.616450,1355.442640,
3304,,1378.351326,1366.570939,
3304.5,,1449.077775,1375.492761,
3305,,1317.114357,1363.863377,
3305.5,,1256.511693,1362.874919,
3306,,1226.904254,1360.374794,
3306.5,,1205.311687,1357.004105,
3307,,1212.414341,1355.844260,
3307.5,,1273.120093,1357.251051,
3308,,1246.973858,1356.842097,
3308.5,,1296.788283,1354.077943,
3309,,1316.758630,1357.602129,
3309.5,121.400000,1205.940169,1350.537283,790.900000
3310,112.200405,1282.171771,1351.368732,2054.953814
3310.5,111.051316,1317.299974,1356.472274,2199.190321
3311,110.664279,1338.959686,1365.820739,2065.691532
3311.5,110.979369,1328.530043,1346.548392,2108.559221
3312,110.637648,1637.493701,1313.837145,2085.446357
3312.5,,2608.435955,1359.039064,
3313,,2265.502827,1318.432047,
3313.5,,3138.633456,1333.080596,
3314,,4217.494112,1499.786375,
3314.5,,4912.229992,1553.207309,
3315,,4785.293470,1530.746011,
3315.5,,4256.922634,1530.872493,
3316,,4296.133176,1494.227926,
3316.5,,4106.239139,1507.952105,
3317,,4007.214348,1506.701313,
3317.5,,4271.137760,1505.997439,
3318,,4152.909956,1524.263567,
3318.5,,4388.284896,1521.497635,
3319,,4347.965472,1522.873031,
3319.5,,4591.543806,1522.969287,
3320,,4651.717386,1555.615969,
3320.5,,4934.281775,1554.065179,
3321,,4812.538846,1577.440062,
3321.5,,4742.798325,1557.437490,
3322,,4477.360812,1552.932712,
3322.5,,4532.581836,1558.973154,
3323,,4313.512235,1560.310599,
3323.5,,4528.079066,1559.636799,
3324,,4532.843747,1570.178941,
3324.5,,4348.223742,1558.847399,
3325,,4333.715227,1547.746025,
3325.5,,4176.473609,1532.698485,
3326,,4388.319435,1519.596600,
3326.5,,4565.315194,1544.538970,
3327,,4477.977036,1544.865994,
3327.5,,4662.168357,1555.523507,
3328,,5024.698872,1595.442233,
3328.5,,4962.975349,1596.364489,
3329,,4905.600791,1601.166704,
3329.5,,4474.680924,1581.147702,
3330,,4452.161421,1566.667757,
3330.5,,4538.704936,1555.143045,
3331,,4525.628628,1549.329145,
3331.5,,4623.062991,1559.364218,
3332,,4555.774070,1556.391250,
3332.5,,4629.333720,1558.885667,
3333,,4496.504657,1552.827917,
3333.5,,4538.319649,1548.929714,
3334,,4642.233169,1551.382428,
3334.5,,4480.594675,1552.550704,
3335,,4682.485755,1540.657573,
3335.5,,4598.113704,1549.575866,
3336,,4853.800498,1554.651664,
3336.5,,4319.869265,1549.908185,
3337,,4703.101056,1551.065721,
3337.5,,4193.194885,1551.548176,
3338,,4344.223765,1552.887508,
3338.5,,4432.195644,1554.004536,
3339,,4347.717451,1550.202005,
3339.5,,4539.930237,1551.540689,
3340,,4356.912313,1552.724502,
3340.5,,4622.119917,1534.206887,
3341,,4136.561982,1554.873863,
3341.5,,4408.194327,1538.075520,
3342,,4238.549528,1557.526330,
3342.5,,4466.022915,1544.706641,
3343,,4271.011413,1545.971062,
3343.5,,4364.943522,1543.109393,
3344,,4109.218371,1546.199941,
3344.5,,4642.897097,1543.821245,
3345,,4335.060965,1546.230861,
3345.5,,4174.155316,1539.321613,
3346,,4069.324100,1525.801538,
3346.5,,3888.612133,1523.737598,
3347,,4289.349368,1509.667229,
3347.5,,3940.036220,1521.395241,
3348,,3968.601602,1514.086982,
3348.5,,4209.980613,1510.794776,
3349,,4118.727416,1513.565020,
3349.5,,3853.067851,1523.130877,
3350,,4066.754630,1526.833745,
3350.5,,4232.422070,1524.999188,
3351,,3871.965058,1521.677471,
3351.5,,4031.637791,1516.775425,
3352,,4043.745889,1523.434486,
3352.5,,3740.965627,1529.646988,
3353,,3964.245399,1518.274126,
3353.5,,4132.365366,1526.756560,
3354,,4301.988799,1520.849718,
3354.5,,3864.768174,1521.958581,
3355,,3842.803788,1517.187963,
3355.5,,3813.994213,1504.896349,
3356,,3880.817933,1510.543203,
3356.5,,3352.663711,1496.188192,
3357,,3599.922365,1468.047803,
3357.5,,4068.420976,1515.086067,
3358,,3654.002452,1508.245937,
3358.5,,3807.093968,1505.425228,
3359,,4193.067550,1530.435799,
3359.5,,4094.911624,1518.320284,
3360,,4263.724817,1565.505692,
3360.5,,4642.975493,1588.725122,
3361,,4469.010893,1583.072758,
3361.5,,3770.632409,1530.383096,
3362,,3594.319506,1495.110177,
3362.5,,3544.984124,1493.139465,
3363,,3592.904481,1497.961764,
3363.5,,3348.585733,1492.011346,
3364,,3539.747963,1489.622910,
3364.5,,3679.541085,1504.271292,
3365,,3633.252475,1500.842786,
3365.5,,3505.790103,1502.726669,
3366,,4027.200529,1515.556248,
3366.5,,4241.751131,1537.816227,
3367,,4017.609234,1562.739271,
3367.5,,3992.119687,1552.663434,
3368,,3862.384835,1520.764326,
3368.5,,2730.046419,1430.879267,
3369,,3700.925751,1423.736461,
3369.5,,3488.933341,1484.304978,
3370,,3652.509036,1501.784841,
3370.5,,3434.312855,1507.493266,
3371,,3793.869359,1521.485300,
3371.5,,3903.127444,1516.269042,
3372,,3894.071480,1516.924332,
3372.5,,3902.423271,1515.501664,
3373,,3823.205332,1512.145869,
3373.5,,4061.713725,1527.883393,
3374,,4252.061166,1563.511354,
3374.5,,4076.433025,1532.865246,
3375,,3876.157582,1522.603514,
3375.5,,3760.125303,1517.898872,
3376,,3722.656098,1518.291537,
3376.5,,3980.874994,1533.095967,
3377,,4158.951548,1529.328828,
3377.5,,3688.181635,1504.197930,
3378,48.483386,3866.077943,1508.487618,2142.272755
3378.5,48.795365,3497.249035,1502.893495,2153.555593
3379,101.947051,3571.541351,1502.937923,1749.851813
3379.5,108.111650,1953.220162,1364.858637,2136.142060
3380,107.149902,2817.523931,1558.968578,2377.480656
3380.5,,4275.313398,1887.267815,
3381,,4286.480000,1896.780000,
3381.5,,3230.600000,1894.300000,
3382,,2656.501202,1801.881032,
3382.5,,3210.522841,1780.956629,
3383,,4050.303896,1871.105720,
3383.5,,4668.023696,1943.429310,
3384,,4383.893780,1915.559159,
3384.5,,3807.680546,1936.441105,
3385,,3423.339323,1897.843072,
3385.5,,3950.313943,1910.729356,
3386,,3833.840047,1910.695666,
3386.5,,4128.035975,1932.111656,
3387,,4570.561934,1984.692407,
3387.5,,4483.735458,1991.729586,
3388,,4939.610165,2004.167513,
3388.5,,4145.362725,1970.142425,
3389,,3831.722499,1903.084973,
3389.5,,3925.138931,1910.193100,
3390,,4527.039792,1908.650878,
3390.5,,4263.609356,1950.951234,
3391,,4787.592284,1973.605708,
3391.5,,4424.500269,1972.994078,
3392,,4216.461741,1988.623286,
3392.5,,4145.046554,1967.625161,
3393,,3899.637058,1955.662786,
3393.5,,3840.187957,1960.053124,
3394,,4206.970431,1976.827794,
3394.5,,4235.923293,1980.969213,
3395,,4191.504135,1995.882223,
3395.5,,4129.442877,1969.612198,
3396,,4270.265660,1959.241852,
3396.5,,3654.062719,1951.260860,
3397,,4021.867294,1965.077541,
3397.5,,4722.422302,1960.296845,
3398,,4818.834399,2017.396878,
3398.5,,4560.742896,1965.211030,
3399,,4350.336662,2003.518427,
3399.5,,3958.832795,1952.269026,
3400,,4192.485059,1952.657662,
3400.5,,3980.793474,1931.023625,
3401,,4250.619726,1963.185585,
3401.5,,3862.595575,1962.768562,
3402,,4120.681243,1982.368510,
3402.5,,4398.878177,1970.066995,
3403,,4942.461391,2001.633140,
3403.5,,4815.546085,1998.685941,
3404,,4787.703321,2019.198517,
3404.5,,4239.611118,1972.201508,
3405,,4169.352175,1977.723208,
3405.5,,4912.506398,1992.672036,
3406,,4536.368211,1993.630380,
3406.5,,4646.125099,2004.139774,
3407,,4184.936644,1960.279520,
3407.5,,3678.374788,1928.345147,
3408,,3455.403849,1844.233153,
3408.5,,4184.277153,1935.768823,
3409,,4216.861137,1956.400805,
3409.5,,4285.448694,2000.631047,
3410,,3822.406259,1937.621475,
3410.5,,4002.565353,1950.070729,
3411,,3449.276610,1829.396126,
3411.5,,2782.938076,1802.531349,
3412,,3209.923691,1775.932909,
3412.5,,4371.619171,1897.017724,
3413,,3965.830588,1952.392570,
3413.5,,3628.482389,1894.211896,
3414,,4436.079600,1888.327391,
3414.5,,4672.396106,1952.942141,
3415,,5248.507645,2019.566512,
3415.5,,4668.584734,1987.882638,
3416,,4593.202593,2026.791852,
3416.5,,4273.119248,1972.475486,
3417,,4255.376402,1972.806877,
3417.5,,4194.987242,1949.124464,
3418,,4593.940370,1961.268366,
3418.5,,4574.377085,1964.486951,
3419,,3830.932966,1957.208848,
3419.5,,4252.677545,1942.975924,
3420,,4363.060461,1960.607182,
3420.5,,4720.328048,2005.388849,
3421,,4746.530567,2011.209228,
3421.5,,4561.281262,2008.462546,
3422,,4429.003433,1995.372173,
3422.5,,4402.106832,1988.538790,
3423,,4361.329107,1959.092390,
3423.5,,4366.447266,1967.674687,
3424,,4486.747436,1971.598745,
3424.5,,3892.745552,1965.195295,
3425,,4684.303159,1988.372367,
3425.5,,4389.303615,2001.569358,
3426,,4373.191771,2006.456738,
3426.5,,4324.409798,1984.980789,
3427,,3986.695167,1950.481856,
3427.5,,4235.683006,1988.352251,
3428,,4677.379720,1984.930643,
3428.5,,4385.966038,2015.996805,
3429,,4174.221687,1982.424994,
3429.5,,4040.848483,1982.695799,
3430,,4206.570457,1987.995160,
3430.5,,3932.485181,1987.933259,
3431,,4297.117580,1987.305170,
3431.5,,4317.541629,1986.590185,
3432,,5153.869800,2009.231556,
3432.5,,4513.796921,2023.415604,
3433,,4904.393134,2030.119745,
3433.5,,4495.994728,2015.557735,
3434,,4487.202545,2016.779101,
3434.5,,4238.778266,2018.549721,
3435,,4852.378161,2022.301776,
3435.5,,4578.245088,2024.001630,
3436,,4409.327736,2030.282517,
3436.5,,4632.891293,2033.630221,
3437,,4833.582587,2032.465994,
3437.5,,4560.761059,2035.534547,
3438,,4936.524598,2039.993036,
3438.5,,5008.592679,2028.278451,
3439,,4460.362377,2039.838256,
3439.5,,4015.243872,2048.922381,
3440,,4526.191288,2018.435358,
3440.5,,4589.959721,2031.180634,
3441,,4607.725987,2033.255142,
3441.5,,4308.603549,2062.766503,
3442,,4757.782064,2018.074800,
3442.5,,4428.008398,2035.734104,
3443,,4761.247613,2053.139301,
3443.5,,4580.296574,2064.250170,
3444,,4106.108853,2038.173201,
3444.5,,4592.504571,2036.384887,
3445,,4760.137897,2054.549582,
3445.5,,4660.116448,2071.044783,
3446,,4655.194458,2018.694039,
3446.5,,4836.199815,2061.923777,
3447,,4802.485116,2020.341873,
3447.5,,4506.094638,2054.303728,
3448,,4654.222524,2024.410562,
3448.5,,4574.332673,2052.494316,
3449,,4952.676662,2020.896146,
3449.5,,4648.708522,2041.329609,
3450,,4932.542538,2034.916082,
3450.5,,4604.133188,2023.162712,
3451,,4545.203269,2023.702187,
3451.5,,4927.295520,2005.114603,
3452,,4567.793043,2044.668875,
3452.5,,4883.080219,2026.441877,
3453,,5051.728398,2043.121927,
3453.5,,4905.355599,2038.375577,
3454,,5016.778714,2044.404064,
3454.5,,4820.640863,2041.037876,
3455,,4819.182083,2024.542784,
3455.5,,4763.438592,2047.217019,
3456,,4878.008980,2040.496163,
3456.5,,4932.587788,2019.652583,
3457,,4554.185209,2035.215772,
3457.5,,4330.272717,2028.449618,
3458,,4528.655079,2027.971143,
3458.5,,3991.538193,2026.765162,
3459,,4649.614995,2014.867133,
3459.5,,4561.820654,2033.803640,
3460,,5067.707848,2016.286604,
3460.5,,4903.962197,2052.263747,
3461,,4264.122730,2053.687297,
3461.5,,4300.367522,1999.169473,
3462,,4317.278992,2021.731479,
3462.5,,4384.404104,2017.368938,
3463,,4545.732563,1997.603041,
3463.5,,4245.733634,2015.226998,
3464,,4175.216008,2006.230959,
3464.5,,4078.314586,1996.273216,
3465,,4368.617507,2007.954864,
3465.5,,4213.638564,1982.871430,
3466,,3929.230212,1955.195273,
3466.5,,4229.313439,1988.026475,
3467,,4156.750425,1945.300610,
3467.5,,4548.808268,2033.116803,
3468,,4866.681439,2034.304476,
3468.5,,4823.910909,2076.278537,
3469,,4572.031575,2014.686186,
3469.5,,4320.370861,2077.600273,
3470,,4300.499007,2017.713955,
3470.5,,4597.709010,2033.543479,
3471,,4813.331508,2031.660951,
3471.5,,4824.633564,2033.807288,
3472,130.500000,4843.022319,2051.609537,458.000000
3472.5,116.310747,4654.691332,2030.165186,1803.676610
3473,112.244798,4455.771203,2005.974738,2099.231196
3473.5,109.044603,2884.172371,1873.573870,2683.765767
3474,108.819623,3043.795337,1899.085713,2456.496937
3474.5,,5021.226631,2115.968851,
3475,,5645.900000,2155.400000,
3475.5,,4087.436652,2202.771234,
3476,,4426.234620,2193.816389,
3476.5,,4360.550298,2199.450715,
3477,,4396.340502,2198.965409,
3477.5,,4599.248121,2181.374319,
3478,,4414.540102,2202.431826,
3478.5,,5108.289783,2197.411585,
3479,,4749.557115,2183.900136,
3479.5,,4729.394751,2215.761127,
3480,,4780.489060,2220.031675,
3480.5,,4671.700591,2231.550519,
3481,,4669.404001,2208.415013,
3481.5,,4461.156619,2216.440369,
3482,,4419.386797,2181.876259,
3482.5,,4131.765446,2203.646032,
3483,,4182.350561,2147.750939,
3483.5,,4592.933273,2201.285886,
3484,,4202.894716,2188.088643,
3484.5,,4826.819619,2226.501804,
3485,,4606.481487,2175.373712,
3485.5,,4620.049062,2234.217120,
3486,,4495.241824,2189.458580,
3486.5,,4886.242232,2215.493092,
3487,,4580.260107,2203.148253,
3487.5,,4231.767675,2227.226290,
3488,,4374.422268,2190.786212,
3488.5,,4622.498203,2207.719458,
3489,,4815.003657,2246.749191,
3489.5,,4357.941339,2214.948251,
3490,,4875.377588,2253.287631,
3490.5,,4847.983771,2209.090482,
3491,,4959.323650,2246.593681,
3491.5,,4592.158181,2219.483812,
3492,,4228.226302,2240.951027,
3492.5,,3683.692610,2184.180662,
3493,,4504.187427,2217.684944,
3493.5,,4512.555424,2145.663609,
3494,,3392.679667,2099.550186,
3494.5,,3348.742701,2078.608486,
3495,,3502.810285,2097.083164,
3495.5,,4268.328249,2137.914458,
3496,,3863.064246,2188.426736,
3496.5,,4877.982622,2216.099141,
3497,,4355.243301,2233.977753,
3497.5,,3741.200865,2130.338514,
3498,,3392.320310,2109.403371,
3498.5,,4057.515942,2158.730559,
3499,,4169.440861,2237.416810,
3499.5,,5125.195241,2247.925219,
3500,,4300.309935,2227.737457,
3500.5,,4331.831852,2205.345971,
3501,,3518.336362,2143.932385,
3501.5,,3484.034248,2115.826382,
3502,,3448.592389,2105.966964,
3502.5,,3387.136099,2133.781590,
3503,,3540.465415,2136.877497,
3503.5,,3486.011667,2142.589266,
3504,,3722.355935,2151.176019,
3504.5,,4386.714146,2200.981874,
3505,,4322.182644,2217.414146,
3505.5,,3880.521590,2212.556914,
3506,,4080.951559,2208.398710,
3506.5,,4497.801451,2203.084136,
3507,,4489.278000,2215.631044,
3507.5,,4405.473453,2196.826523,
3508,,3717.344090,2132.248117,
3508.5,,3639.919493,2125.786809,
3509,,3615.478856,2116.014999,
3509.5,,3700.548087,2115.007021,
3510,,3852.864842,2120.331184,
3510.5,,4128.225936,2144.023507,
3511,,4353.329431,2188.416396,
3511.5,,4249.630511,2187.367805,
3512,,4568.683997,2183.964586,
3512.5,,4309.419693,2178.515940,
3513,,4163.976575,2172.812875,
3513.5,,4122.649809,2159.094470,
3514,,4146.233917,2157.858385,
3514.5,,4642.603752,2200.636523,
3515,,4111.047052,2189.281841,
3515.5,,4029.537409,2168.591109,
3516,,4219.942284,2167.161766,
3516.5,,4598.784172,2196.516839,
3517,,4238.707814,2185.756184,
3517.5,,4315.402830,2183.281081,
3518,,4226.380715,2187.547076,
3518.5,,4077.932496,2146.536563,
3519,,4227.253899,2136.336194,
3519.5,,3925.469881,2131.556530,
3520,,3738.591303,2126.443291,
3520.5,,4243.913124,2179.229918,
3521,,4256.932053,2186.583416,
3521.5,,4290.084276,2153.026465,
3522,,4036.674859,2186.789570,
3522.5,,4112.984704,2167.710699,
3523,,3873.898752,2184.652401,
3523.5,,4085.992408,2168.401373,
3524,,3721.234040,2169.462031,
3524.5,,3920.082846,2183.768619,
3525,,4114.042699,2169.796889,
3525.5,,4156.760824,2158.167648,
3526,,3826.188881,2179.967572,
3526.5,,4177.811326,2180.027450,
3527,,4135.924349,2187.110766,
3527.5,,3853.151753,2165.580974,
3528,,4012.114988,2190.455651,
3528.5,,4253.100270,2185.143907,
3529,,3903.999908,2175.466683,
3529.5,,3878.766334,2151.395354,
3530,,4279.412039,2163.352165,
3530.5,,3734.008989,2140.868017,
3531,,4166.543316,2149.907126,
3531.5,,4274.206970,2189.579254,
3532,,4456.964190,2169.371052,
3532.5,,4007.956660,2179.057784,
3533,,3676.401759,2157.019785,
3533.5,,3776.335532,2136.013844,
3534,,3769.989934,2150.513355,
3534.5,,3647.563608,2130.199884,
3535,,3951.914090,2139.931178,
3535.5,,3866.767304,2186.225688,
3536,,4036.965126,2141.375788,
3536.5,,3538.017228,2165.719427,
3537,,4319.380451,2187.759733,
3537.5,,3914.972455,2175.261182,
3538,,3994.989839,2162.938121,
3538.5,,4054.230854,2174.730877,
3539,,3714.360909,2145.154410,
3539.5,,3713.372253,2129.573030,
3540,,4136.023080,2156.633321,
3540.5,,4088.711835,2194.308245,
3541,,3578.334088,2164.559732,
3541.5,,3643.265680,2145.890248,
3542,,3917.714241,2162.661909,
3542.5,,4144.767785,2182.014531,
3543,,4162.956481,2193.227054,
3543.5,,4090.581431,2180.203831,
3544,,3940.661663,2169.533956,
3544.5,,3933.241219,2148.846170,
3545,,4631.668752,2183.909300,
3545.5,,4169.252530,2184.576766,
3546,,3561.711567,2137.217136,
3546.5,,3620.404199,2130.275129,
3547,,3693.627130,2132.056285,
3547.5,,4132.082066,2208.254263,
3548,,4088.030966,2170.976267,
3548.5,,3724.713149,2165.238718,
3549,,3563.459571,2144.366683,
3549.5,,3651.388195,2131.878282,
3550,,3485.339049,2117.626515,
3550.5,,4248.889070,2195.851179,
3551,,4120.436710,2173.141264,
3551.5,,4152.135175,2186.080402,
3552,,4566.334419,2209.269332,
3552.5,,4663.313121,2204.668096,
3553,,4325.415933,2202.333091,
3553.5,,4297.974567,2196.650981,
3554,,4457.236957,2220.279653,
3554.5,,4204.098258,2187.868787,
3555,,4432.977527,2215.349843,
3555.5,,4556.001261,2209.532125,
3556,,4007.541190,2201.425517,
3556.5,,4031.088366,2220.276861,
3557,,4622.464423,2208.740451,
3557.5,,4714.708868,2207.496889,
3558,,4211.176965,2214.618535,
3558.5,,4119.110143,2205.376163,
3559,,4178.157234,2156.293159,
3559.5,,4055.651540,2173.703762,
3560,,4335.936486,2207.924766,
3560.5,,4012.552170,2189.261479,
3561,,4056.786367,2159.675178,
3561.5,,4427.867832,2197.542936,
3562,,4455.382716,2187.463260,
3562.5,,4288.383184,2207.268325,
3563,,4207.524462,2180.614328,
3563.5,,4392.153660,2198.223324,
3564,,4372.603996,2197.176853,
3564.5,,4382.215958,2189.966418,
3565,,4092.338998,2173.428902,
3565.5,111.798627,4163.186582,2159.429134,319.482059
3566,113.065828,4399.853559,2164.028309,1187.219718
3566.5,106.727826,4057.182049,2155.511044,2587.436987
3567,101.712518,3048.225838,2046.403430,2959.028507
3567.5,101.925000,4497.381265,2110.983708,3486.300000
3568,,4741.055076,2128.845530,
3568.5,,4460.263712,2140.274089,
3569,,4700.925341,2143.459879,
3569.5,,4545.487116,2147.117924,
3570,,4411.956515,2140.115237,
3570.5,,3930.648804,2108.930221,
3571,,4480.567554,2131.897119,
3571.5,,4392.138245,2157.767998,
3572,,4639.221052,2162.664978,
3572.5,,4391.665811,2177.141088,
3573,,4559.329293,2172.495067,
3573.5,,4227.737710,2157.669729,
3574,,4649.381216,2157.624436,
3574.5,,4027.837250,2136.932266,
3575,,3938.878372,2108.539194,
3575.5,,3817.515587,2109.333415,
3576,,4218.464923,2139.332482,
3576.5,,4249.296594,2121.196018,
3577,,4289.397624,2126.189043,
3577.5,,4518.052161,2146.195612,
3578,,4781.574789,2175.312215,
3578.5,,4459.672070,2184.339240,
3579,,4460.979600,2199.716519,
3579.5,,4361.538988,2159.144023,
3580,,4620.294395,2170.730203,
3580.5,,4541.954184,2191.849220,
3581,,4851.477091,2183.184932,
3581.5,,4819.708415,2176.961981,
3582,,4911.035696,2194.150379,
3582.5,,4837.756391,2183.477462,
3583,,4449.072788,2177.000020,
3583.5,,4512.228456,2167.626722,
3584,,4530.986384,2181.899120,
3584.5,,4846.579857,2184.737905,
3585,,4644.432105,2185.572282,
3585.5,,4554.591369,2195.410798,
3586,,3915.718689,2163.212730,
3586.5,,4123.798026,2143.136092,
3587,,4313.095850,2168.384196,
3587.5,,4835.214863,2176.381713,
3588,,4366.699100,2196.339992,
3588.5,,4385.472717,2186.972002,
3589,,4545.708262,2180.841278,
3589.5,,4142.377371,2156.973918,
3590,,4270.270546,2161.040009,
3590.5,,4391.727420,2196.851761,
3591,,4588.099370,2181.014690,
3591.5,,4644.227192,2195.673202,
3592,,4316.398517,2150.606163,
3592.5,,4499.296555,2183.117955,
3593,,4881.160794,2164.924864,
3593.5,,4477.327463,2213.620321,
3594,,4951.710548,2189.272587,
3594.5,,4197.354551,2200.594132,
3595,,4172.308582,2154.748511,
3595.5,,4428.841869,2139.663435,
3596,,4358.800372,2155.339724,
3596.5,,4168.555422,2160.694570,
3597,,4238.167825,2154.748455,
3597.5,,4448.773957,2167.092259,
3598,,4573.426506,2176.918527,
3598.5,,4367.760445,2188.951743,
3599,,4329.868128,2201.441257,
3599.5,,4409.449595,2194.856780,
3600,,4430.548866,2196.809145,
3600.5,,4410.057818,2167.536548,
3601,,3946.560692,2140.857228,
3601.5,,3973.833564,2153.593147,
3602,,4530.486197,2182.754891,
3602.5,,4250.095033,2197.289188,
3603,,4252.242416,2173.641586,
3603.5,,4282.537175,2176.806785,
3604,,4307.900274,2175.702044,
3604.5,,3809.902052,2183.176133,
3605,,4127.059663,2147.585825,
3605.5,,4050.634292,2180.137446,
3606,,4044.957746,2131.792938,
3606.5,,3773.205190,2123.204847,
3607,,4158.694052,2162.654799,
3607.5,,4153.860981,2212.907957,
3608,,3962.756111,2142.422797,
3608.5,,4330.947603,2171.804862,
3609,,4208.603852,2197.196137,
3609.5,,4177.134477,2184.816367,
3610,,4958.090630,2213.934123,
3610.5,,4219.407151,2190.505041,
3611,,4538.869363,2215.387195,
3611.5,,3850.403520,2161.441131,
3612,,4611.654995,2191.998023,
3612.5,,4945.122637,2220.736124,
3613,,4033.164490,2203.559114,
3613.5,,4156.944614,2165.331043,
3614,,3843.222591,2152.327582,
3614.5,,3891.013032,2137.793821,
3615,,4146.637278,2177.372122,
3615.5,,4381.356385,2187.774786,
3616,,4287.453811,2193.085645,
3616.5,,4249.679191,2160.099195,
3617,,4108.527170,2138.352347,
3617.5,,2656.042698,2014.262846,
3618,,3760.851525,2044.727341,
3618.5,,4720.285896,2196.920348,
3619,,4584.887156,2195.373477,
3619.5,,3910.280442,2151.341164,
3620,,4082.404423,2169.133168,
3620.5,,3910.584769,2139.452031,
3621,,3989.886253,2124.247559,
3621.5,,4213.106681,2176.958061,
3622,,4103.838769,2207.900386,
3622.5,,4444.390740,2179.158676,
3623,,4295.058406,2204.813563,
3623.5,,4848.259945,2200.456212,
3624,,4717.829199,2206.905139,
3624.5,,4531.635503,2217.299090,
3625,,4660.684523,2197.645445,
3625.5,,4484.011562,2179.667478,
3626,,4716.056086,2214.782445,
3626.5,,4742.734414,2218.419234,
3627,,4716.618061,2218.973251,
3627.5,,4285.754194,2179.989403,
3628,,4066.268071,2144.398369,
3628.5,,4629.269909,2187.441126,
3629,,4217.880845,2204.851247,
3629.5,,4262.488237,2183.698627,
3630,,4316.236331,2196.750233,
3630.5,,4833.103643,2228.988456,
3631,,4785.449757,2203.081784,
3631.5,,4434.777566,2224.729082,
3632,,4219.133836,2199.726255,
3632.5,,3930.945740,2162.077292,
3633,,4705.186941,2212.591670,
3633.5,,4450.095321,2200.316868,
3634,,3924.813604,2149.204211,
3634.5,,4756.132808,2215.975215,
3635,,4433.836952,2223.437578,
3635.5,,4541.059917,2203.153274,
3636,,4549.939443,2189.514345,
3636.5,,4446.350567,2172.637376,
3637,,4792.192344,2180.919440,
3637.5,,4863.454943,2211.275441,
3638,,4364.869525,2177.412651,
3638.5,,4856.961367,2200.835290,
3639,,4783.905204,2256.195896,
3639.5,,5123.978013,2234.418276,
3640,,4523.111669,2199.751986,
3640.5,,4320.615316,2158.903771,
3641,,3703.372043,2115.988282,
3641.5,,2498.845528,1968.637296,
3642,,3578.735372,1994.489346,
3642.5,,4268.873806,2167.451873,
3643,,4873.043559,2205.780201,
3643.5,,4377.947272,2204.323684,
3644,,4487.662461,2190.835487,
3644.5,,4442.924414,2198.793559,
3645,,4063.629966,2185.878220,
3645.5,,4672.497864,2187.646365,
3646,,4631.227681,2209.826928,
3646.5,,4583.599205,2226.341877,
3647,,4464.430555,2216.297361,
3647.5,,4514.703475,2193.096889,
3648,,3948.253763,2155.744514,
3648.5,,4289.590708,2172.919179,
3649,,4294.439535,2174.884747,
3649.5,,4092.999394,2133.979366,
3650,,4596.468189,2180.448535,
3650.5,,4151.982147,2177.579995,
3651,,4653.892414,2185.037203,
3651.5,,4304.618087,2198.423583,
3652,,4303.115681,2179.031505,
3652.5,,4836.935316,2223.042896,
3653,,4137.335493,2186.947004,
3653.5,,3981.203604,2169.438396,
3654,,3862.235715,2139.982233,
3654.5,,4019.420552,2179.697098,
3655,,4292.518438,2164.459991,
3655.5,,3750.791729,2121.519694,
3656,,4148.358107,2140.203559,
3656.5,,4089.578891,2169.166782,
3657,,4290.178971,2161.320456,
3657.5,69.266244,3944.032256,2143.208972,1998.112515
3658,80.681920,4021.759250,2138.334881,2200.097425
3658.5,110.082130,3548.395484,2084.150506,2756.166996
3659,,2916.171833,2038.144194,
3661.5,,1568.561538,1840.084615,
3662,,1704.595615,1845.051012,
3662.5,,3362.132126,1977.242124,
3663,,4343.827559,2130.667619,
3663.5,,4164.617465,2144.288049,
3664,,4027.330123,2150.303603,
3664.5,,4525.295874,2166.641540,
3665,,4549.314586,2163.206778,
3665.5,,3868.507339,2117.257181,
3666,,3805.986517,2086.893857,
3666.5,,3881.621944,2109.872556,
3667,,3930.088662,2104.485940,
3667.5,,3531.034084,2102.558283,
3668,,3565.239405,2068.144403,
3668.5,,3795.645271,2122.809830,
3669,,3591.530214,2094.034463,
3669.5,,4342.782687,2174.077596,
3670,,4796.510526,2158.486384,
3670.5,,5153.367255,2185.388491,
3671,,4103.261015,2162.671450,
3671.5,,4383.719929,2172.763983,
3672,,3902.193834,2146.294824,
3672.5,,3920.075975,2131.062235,
3673,,3623.288181,2101.385432,
3673.5,,4532.549924,2160.187324,
3674,,4449.601004,2185.885860,
3674.5,,4457.402948,2216.599784,
3675,,4246.370476,2208.153237,
3675.5,,4075.273758,2160.245545,
3676,,4583.295710,2184.989370,
3676.5,,4482.600119,2192.782790,
3677,,4038.712912,2190.755740,
3677.5,,4190.360133,2173.143404,
3678,,4437.164773,2201.569755,
3678.5,,3621.571883,2171.004911,
3679,,4244.585838,2174.770137,
3679.5,,4179.035901,2160.732055,
3680,,3983.355779,2196.636721,
3680.5,,4038.317295,2175.173138,
3681,,4498.444551,2199.208500,
3681.5,,3714.740660,2166.196776,
3682,,4122.119380,2140.929831,
3682.5,,4339.185725,2183.409962,
3683,,4458.770066,2198.590317,
3683.5,,4360.900834,2186.515673,
3684,,4590.121785,2176.866298,
3684.5,,4142.221377,2193.667137,
3685,,3983.014206,2205.945700,
3685.5,,3984.202930,2193.268364,
3686,,4537.741061,2193.358274,
3686.5,,4237.998898,2180.362940,
3687,,4426.675117,2188.879379,
3687.5,,3976.981064,2185.244304,
3688,,3940.429517,2194.934384,
3688.5,,4255.454646,2183.053729,
3689,,4669.127948,2183.617560,
3689.5,,4471.417417,2196.576445,
3690,,4510.736628,2195.851581,
3690.5,,4126.264066,2195.474263,
3691,,3847.540136,2196.260342,
3691.5,,4138.196104,2206.337025,
3692,,4038.544070,2170.720274,
3692.5,,4331.532595,2202.788744,
3693,,4316.312085,2201.886599,
3693.5,,4370.912152,2216.293944,
3694,,3632.062903,2225.390524,
3694.5,,4307.246007,2214.724485,
3695,,4348.419498,2188.666100,
3695.5,,4089.549260,2185.895407,
3696,,4363.898302,2213.405463,
3696.5,,4077.742595,2200.505862,
3697,,4110.210101,2226.762346,
3697.5,,4118.082130,2199.515584,
3698,,4410.439024,2223.316168,
3698.5,,4699.378769,2180.161906,
3699,,4386.014994,2196.400870,
3699.5,,3958.815331,2186.463382,
3700,,4392.164791,2177.566601,
3700.5,,4009.984254,2188.888170,
3701,,3732.211640,2184.881513,
3701.5,,4370.629965,2211.718462,
3702,,4353.878867,2177.316612,
3702.5,,3980.158894,2180.648733,
3703,,4113.504793,2173.728534,
3703.5,,4046.244842,2161.581210,
3704,,3976.728681,2166.795375,
3704.5,,4000.265627,2203.490476,
3705,,4050.336260,2183.542804,
3705.5,,3898.378776,2189.669118,
3706,,3910.044802,2218.159698,
3706.5,,4041.176589,2213.306892,
3707,,3975.818385,2207.889351,
3707.5,,3522.534568,2165.669743,
3708,,4195.521062,2191.223903,
3708.5,,4299.963971,2222.574079,
3709,,3858.661782,2212.034947,
3709.5,,4213.368364,2212.984340,
3710,,3852.788238,2201.741377,
3710.5,,3868.022123,2205.070329,
3711,,4217.695428,2239.634689,
3711.5,,4286.715257,2215.062141,
3712,,3905.000734,2235.242014,
3712.5,,3962.045781,2206.456433,
3713,,3584.167287,2199.038840,
3713.5,,4254.001795,2231.716063,
3714,,3714.860114,2241.358604,
3714.5,,4133.342265,2239.022138,
3715,,4022.619770,2249.077925,
3715.5,,4082.209277,2222.938048,
3716,,4092.717315,2225.633422,
3716.5,,3922.273260,2215.235533,
3717,,4011.523197,2223.894476,
3717.5,,3868.744035,2189.781824,
3718,,4157.634295,2236.916669,
3718.5,,4250.513467,2210.529920,
3719,,4207.604479,2215.986907,
3719.5,,4266.081246,2226.933430,
3720,,3744.858942,2230.691188,
3720.5,,3824.065499,2229.965355,
3721,,3794.788469,2206.456731,
3721.5,,3440.751428,2164.698357,
3722,,3705.372309,2226.732207,
3722.5,,4108.869777,2218.391124,
3723,,4099.734820,2239.499511,
3723.5,,4093.868637,2238.626603,
3724,,4212.259232,2246.493325,
3724.5,,4224.017544,2254.302762,
3725,,4323.917091,2249.542911,
3725.5,,3962.165162,2210.084390,
3726,,3784.650936,2211.010412,
3726.5,,4329.344002,2259.890651,
3727,,4076.256127,2244.209069,
3727.5,,4362.732205,2236.450875,
3728,,4217.755898,2216.701119,
3728.5,,4029.382483,2209.768023,
3729,,3930.035669,2197.794334,
3729.5,,3977.674235,2197.715533,
3730,,3878.319617,2227.486309,
3730.5,,3967.739057,2198.716365,
3731,,4270.397467,2226.533050,
3731.5,,4414.133211,2232.141050,
3732,,4064.017303,2200.330426,
3732.5,,4383.971089,2232.785218,
3733,,4244.708095,2189.326231,
3733.5,,4558.506211,2215.701542,
3734,,4235.019778,2185.113575,
3734.5,,4250.275315,2186.529187,
3735,,4360.509045,2207.565020,
3735.5,,4469.195245,2219.246649,
3736,,4426.767954,2223.841200,
3736.5,,4202.274492,2201.679515,
3737,,4247.945109,2201.505153,
3737.5,,4226.670012,2204.914375,
3738,,3988.328750,2196.273029,
3738.5,,4143.518494,2215.768306,
3739,,4293.854727,2211.173175,
3739.5,,4213.717181,2216.960494,
3740,,4075.149269,2197.247118,
3740.5,,3884.412265,2191.440394,
3741,,4030.715479,2210.285503,
3741.5,,4053.026005,2200.382112,
3742,,4221.217572,2197.074586,
3742.5,,3859.816564,2163.455870,
3743,,4406.471254,2189.984666,
3743.5,,3862.293286,2228.407122,
3744,,3905.317316,2202.402316,
3744.5,,3930.954928,2194.996938,
3745,,4080.240474,2186.830225,
3745.5,,4075.286780,2191.404027,
3746,,4343.488168,2176.752563,
3746.5,,4417.755761,2154.436981,
3747,,4000.262514,2175.412657,
3747.5,,3947.901006,2163.639126,
3748,,4185.302329,2161.504177,
3748.5,,4246.827780,2164.075398,
3749,,4553.286051,2162.856781,
3749.5,,4155.659661,2185.495667,
3750,,3840.332543,2146.111303,
3750.5,122.700000,3984.091629,2126.656647,1844.300000
3751,122.586843,3736.631634,2129.937144,790.913889
3751.5,123.101647,3678.792161,2120.240949,812.860603
3752,118.306269,3042.523811,2070.908534,1794.946318
3752.5,114.929494,3425.229981,2080.664435,2367.267429
3753,,4173.675299,2190.816038,
3753.5,,3769.209080,2243.463863,
3754,,3129.800000,2207.100000,
3756.5,,4135.718321,2247.730130,
3757,,3922.273471,2233.092719,
3757.5,,3970.366870,2240.776630,
3758,,4201.745983,2244.690895,
3758.5,,4068.751980,2242.008243,
3759,,4006.818498,2242.516243,
3759.5,,4150.153874,2233.230734,
3760,,3889.740689,2244.288197,
3760.5,,3712.166451,2242.929990,
3761,,3352.979941,2240.012532,
3761.5,,3908.911784,2255.078480,
3762,,3819.733525,2245.669090,
3762.5,,4079.272527,2249.726415,
3763,,3815.088678,2245.598845,
3763.5,,3932.109797,2250.756470,
3764,,3981.442866,2237.876882,
3764.5,,3919.361811,2251.706350,
3765,,4002.250257,2243.991978,
3765.5,,4546.793346,2259.341160,
3766,,4047.447728,2247.060099,
3766.5,,3889.424691,2276.766225,
3767,,3946.530660,2249.416148,
3767.5,,3877.179827,2263.050053,
3768,,3929.589270,2248.050844,
3768.5,,3837.093794,2264.829156,
3769,,3790.546464,2259.699148,
3769.5,,4147.330773,2255.241992,
3770,,3985.747203,2253.332045,
3770.5,,3613.065945,2246.217239,
3771,,3819.361297,2243.660153,
3771.5,,3464.715913,2250.789462,
3772,,3810.617974,2239.336167,
3772.5,,3594.100741,2239.264843,
3773,,3571.126584,2247.343361,
3773.5,,3900.082289,2242.216786,
3774,,3774.994704,2248.265519,
3774.5,,3809.583719,2243.107695,
3775,,3689.540866,2246.485024,
3775.5,,3741.630622,2236.736642,
3776,,3848.528656,2250.750857,
3776.5,,3439.161531,2238.176146,
3777,,3729.216896,2247.268299,
3777.5,,3825.409988,2240.176076,
3778,,3889.555603,2263.776767,
3778.5,,4022.924364,2239.969064,
3779,,3672.601175,2269.270718,
3779.5,,3642.601988,2251.559763,
3780,,3514.968206,2254.789434,
3780.5,,3731.006097,2247.300373,
3781,,3810.893229,2270.363096,
3781.5,,3897.464799,2296.849789,
3782,,3856.318403,2284.649783,
3782.5,,4033.509084,2313.435756,
3783,,3914.511504,2279.446685,
3783.5,,4050.240222,2304.221069,
3784,,3955.525703,2265.344061,
3784.5,,3903.242588,2305.034221,
3785,,3589.866084,2268.107931,
3785.5,,4284.272021,2279.067295,
3786,,3705.758205,2268.147916,
3786.5,,3438.179758,2225.102579,
3787,,3848.238382,2258.636338,
3787.5,,3637.966358,2240.772370,
3788,,3789.796707,2254.880718,
3788.5,,4298.936948,2292.130503,
3789,,4481.712739,2289.816131,
3789.5,,3918.790506,2293.338000,
3790,,4177.601283,2303.582407,
3790.5,,3788.127334,2282.508093,
3791,,3852.128768,2306.254482,
3791.5,,3802.748677,2290.733808,
3792,,3739.949658,2277.931407,
3792.5,,3734.785654,2269.959560,
3793,,3793.899509,2260.242718,
3793.5,,3445.304033,2250.935537,
3794,,3158.726093,2196.653574,
3794.5,,3455.820577,2213.315508,
3795,,3626.399996,2226.042967,
3795.5,,4527.741012,2252.484793,
3796,,4167.226856,2287.455411,
3796.5,,4254.178443,2329.771878,
3797,,3796.042753,2264.614736,
3797.5,,3480.403935,2281.217888,
3798,,3629.911624,2296.245925,
3798.5,,3896.717363,2309.267695,
3799,,4423.959594,2328.801298,
3799.5,,3851.005009,2295.720795,
3800,,4155.979832,2291.957534,
3800.5,,3882.264307,2294.936619,
3801,,4506.000390,2289.206973,
3801.5,,3830.761012,2304.002634,
3802,,4011.516776,2295.968982,
3802.5,,4217.396856,2267.607443,
3803,,4298.561298,2294.172145,
3803.5,,4377.582193,2301.415472,
3804,,3983.413114,2295.615511,
3804.5,,4647.868365,2293.238335,
3805,,4443.312468,2294.742179,
3805.5,,4319.022155,2292.184133,
3806,,4071.935878,2291.176846,
3806.5,,3713.838418,2278.894823,
3807,,4171.974207,2295.379428,
3807.5,,4074.283893,2278.579444,
3808,,3870.934531,2263.707257,
3808.5,,4225.697290,2301.806348,
3809,,3970.967529,2280.393776,
3809.5,,4182.854928,2289.780092,
3810,,4223.169659,2282.002578,
3810.5,,4290.969739,2252.467825,
3811,,4293.336422,2230.837687,
3811.5,,4243.107384,2242.942159,
3812,,4476.142729,2248.295021,
3812.5,,4282.502193,2246.414857,
3813,,4574.764184,2254.721235,
3813.5,,4275.484713,2238.277424,
3814,,4459.712499,2250.415177,
3814.5,,4713.651892,2268.543686,
3815,,4642.669514,2278.927330,
3815.5,,4894.455870,2260.747650,
3816,,4587.803550,2267.662308,
3816.5,,4464.979498,2266.408529,
3817,,4345.119663,2247.008574,
3817.5,,4041.029008,2272.331454,
3818,,4397.015583,2235.457490,
3818.5,,4757.860032,2255.334909,
3819,,4313.183121,2261.713377,
3819.5,,4393.310304,2235.714098,
3820,,4560.693286,2268.543673,
3820.5,,4440.744878,2229.147101,
3821,,5273.689115,2254.483407,
3821.5,,4658.858502,2260.751373,
3822,,3930.117226,2245.586249,
3822.5,,4608.561197,2248.127540,
3823,,4318.955688,2235.309359,
3823.5,,4024.635479,2234.719619,
3824,,3935.109578,2252.214800,
3824.5,,3584.079180,2224.049625,
3825,,4514.728878,2233.398695,
3825.5,,4013.771223,2237.100462,
3826,,3850.510545,2262.145026,
3826.5,,4236.590896,2263.356397,
3827,,4190.473878,2271.833674,
3827.5,,4278.891273,2233.464127,
3828,,4290.679412,2236.608333,
3828.5,,4099.174624,2258.164821,
3829,,4680.887355,2254.179785,
3829.5,,4347.233569,2235.787770,
3830,,4296.653784,2260.047725,
3830.5,,4400.937886,2233.481278,
3831,,4371.126576,2256.777173,
3831.5,,4202.877396,2225.567215,
3832,,3934.331919,2240.031587,
3832.5,,3970.061408,2198.650738,
3833,,4124.787931,2240.812361,
3833.5,,4302.367028,2223.578418,
3834,,4311.471952,2234.344746,
3834.5,,4037.787266,2234.747522,
3835,,4262.329814,2248.831917,
3835.5,,4262.502570,2224.313664,
3836,,4229.861120,2241.035431,
3836.5,,4430.120245,2211.164925,
3837,,4128.353580,2248.425785,
3837.5,,4398.253056,2225.034158,
3838,,4607.267511,2247.879236,
3838.5,,4184.667492,2239.864866,
3839,,4262.003732,2252.053120,
3839.5,,4227.580360,2255.863005,
3840,,3864.771106,2226.740216,
3840.5,,4012.445799,2259.183093,
3841,,4081.708957,2192.601769,
3841.5,,4127.130485,2256.639697,
3842,,4262.051837,2222.544080,
3842.5,,4310.088490,2236.883247,
3843,,4395.417168,2241.046206,
3843.5,,4090.112776,2211.116297,
3844,,4268.489765,2255.451700,
3844.5,,4583.602679,2213.635322,
3845,,3966.272797,2240.743081,
3845.5,,3904.857259,2242.230368,
3846,124.900000,3663.925111,2177.874227,1719.100000
3846.5,130.197436,4000.923123,2205.814677,757.171666
3847,129.853525,4077.128050,2205.890409,286.094109
3847.5,124.911863,4342.310155,2204.203798,1311.012272
3848,120.765969,2663.876403,2056.962973,2231.497217
3848.5,117.900819,3752.833467,2036.835132,2679.885855
3849,,4453.756292,2123.755403,
3849.5,,4184.773643,2153.254164,
3850,,4354.546798,2147.733327,
3850.5,,4379.825131,2157.703915,
3851,,4659.959106,2153.921793,
3851.5,,4886.698022,2185.409907,
3852,,4283.407633,2135.840667,
3852.5,,4303.788250,2166.613832,
3853,,4348.083871,2148.971701,
3853.5,,4394.898518,2158.877292,
3854,,4281.545034,2163.093004,
3854.5,,3857.647548,2164.441819,
3855,,3846.414811,2155.250894,
3855.5,,4300.895748,2169.097136,
3856,,3718.130277,2157.820916,
3856.5,,4075.416408,2128.166816,
3857,,4219.436077,2139.424534,
3857.5,,4102.853740,2149.761482,
3858,,3987.224558,2166.526296,
3858.5,,4026.453354,2166.303219,
3859,,3929.516659,2183.481266,
3859.5,,4188.544733,2168.029115,
3860,,4150.589222,2152.933668,
3860.5,,4043.299028,2165.611188,
3861,,4467.326724,2180.600148,
3861.5,,4177.625161,2158.541069,
3862,,4168.695984,2158.376414,
3862.5,,4365.855799,2147.305629,
3863,,4359.290000,2165.069097,
3863.5,,4337.755538,2162.363307,
3864,,4366.157278,2167.348969,
3864.5,,4016.402767,2160.716691,
3865,,4234.021053,2166.068400,
3865.5,,4093.405814,2129.787074,
3866,,4235.352777,2171.980500,
3866.5,,4085.770551,2163.452786,
3867,,4624.140572,2161.599500,
3867.5,,4765.902084,2170.429101,
3868,,4357.490351,2167.842609,
3868.5,,4226.036764,2175.117818,
3869,,3802.400583,2177.076931,
3869.5,,4214.950042,2169.320353,
3870,,4348.145432,2185.070224,
3870.5,,4462.838048,2176.221266,
3871,,4280.073664,2185.039499,
3871.5,,4522.857361,2167.851848,
3872,,4638.604333,2172.115523,
3872.5,,4237.741185,2184.785691,
3873,,4155.112946,2163.130236,
3873.5,,4425.298636,2179.410328,
3874,,4144.188940,2166.940721,
3874.5,,4315.533173,2175.529308,
3875,,4381.267717,2170.424681,
3875.5,,4179.189813,2178.794745,
3876,,4016.726853,2149.106066,
3876.5,,4283.191911,2182.237793,
3877,,3893.726423,2176.375393,
3877.5,,3913.586766,2176.180488,
3878,,3953.222190,2152.427288,
3878.5,,4277.445862,2184.998640,
3879,,3741.521558,2128.639104,
3879.5,,3971.281812,2139.552997,
3880,,4420.911176,2165.085950,
3880.5,,4267.639145,2173.069876,
3881,,4141.884305,2170.535043,
3881.5,,4213.984984,2177.607344,
3882,,4439.078121,2177.367600,
3882.5,,4353.813512,2176.526096,
3883,,4190.879885,2187.160348,
3883.5,,4269.359482,2191.119439,
3884,,4261.321838,2186.807380,
3884.5,,4005.307498,2163.048669,
3885,,4504.092850,2176.615325,
3885.5,,4405.374536,2163.589246,
3886,,4340.838681,2173.681809,
3886.5,,3587.867947,2158.776578,
3887,,3775.247278,2132.732734,
3887.5,,4091.157404,2142.048163,
3888,,3898.198211,2114.381878,
3888.5,,4279.607171,2170.605774,
3889,,4117.850100,2150.737035,
3889.5,,4080.941830,2178.414977,
3890,,3935.071000,2166.776892,
3890.5,,4101.531018,2152.698066,
3891,,4321.235117,2167.162247,
3891.5,,4082.008164,2171.105071,
3892,,4227.244314,2169.140615,
3892.5,,3837.239703,2153.843137,
3893,,4229.650011,2160.287229,
3893.5,,4378.707060,2153.330935,
3894,,4227.428230,2171.696983,
3894.5,,3674.299426,2153.105840,
3895,,4204.760520,2164.923868,
3895.5,,4413.327949,2169.400744,
3896,,4257.141635,2187.519745,
3896.5,,4179.642796,2170.646043,
3897,,4269.793531,2164.501409,
3897.5,,4243.865172,2169.136700,
3898,,4101.795126,2149.865162,
3898.5,,3698.154794,2165.006496,
3899,,4242.052200,2158.894178,
3899.5,,4086.731227,2167.927966,
3900,,3572.452970,2168.858408,
3900.5,,3684.637424,2165.411149,
3901,,4136.836157,2170.817282,
3901.5,,3784.938579,2176.693259,
3902,,4242.671229,2172.892819,
3902.5,,4129.427480,2147.969351,
3903,,4321.940548,2173.680691,
3903.5,,4298.473570,2157.659789,
3904,,3939.725359,2174.292765,
3904.5,,4356.515913,2161.115124,
3905,,3873.217188,2178.269392,
3905.5,,3986.621219,2149.899038,
3906,,4097.509683,2143.810728,
3906.5,,4022.305467,2167.652066,
3907,,4052.737688,2152.710429,
3907.5,,3974.611711,2176.736745,
3908,,4104.776541,2163.814700,
3908.5,,4397.589547,2167.271851,
3909,,4124.216971,2154.323184,
3909.5,,3899.483898,2153.871209,
3910,,4011.190467,2149.903553,
3910.5,,3974.689326,2153.117975,
3911,,3708.629639,2170.122818,
3911.5,,4142.040438,2144.695980,
3912,,4130.515901,2187.519066,
3912.5,,4275.227627,2176.811135,
3913,,4117.344274,2176.176588,
3913.5,,4215.074896,2174.159414,
3914,,3928.864097,2160.582358,
3914.5,,3773.144213,2160.452520,
3915,,3963.783818,2134.039245,
3915.5,,4244.285224,2152.443107,
3916,,4074.553882,2149.599207,
3916.5,,3953.012482,2150.986336,
3917,,4234.635703,2175.023018,
3917.5,,4193.660683,2156.080508,
3918,,3832.384235,2168.855013,
3918.5,,4290.593247,2170.922283,
3919,,3943.778652,2140.093820,
3919.5,,3999.114146,2171.109026,
3920,,4020.543739,2172.248204,
3920.5,,3929.974546,2182.671177,
3921,,4359.988897,2175.499544,
3921.5,,4010.793096,2165.320633,
3922,,4263.428258,2177.174118,
3922.5,,3958.720605,2149.459089,
3923,,3765.629215,2166.349887,
3923.5,,4283.049105,2143.808096,
3924,,3811.171727,2158.423417,
3924.5,,4177.275408,2165.390633,
3925,,3874.643738,2145.970515,
3925.5,,3923.741635,2164.379097,
3926,,3984.328819,2151.644699,
3926.5,,3875.894382,2160.088023,
3927,,4131.889226,2157.796178,
3927.5,,4071.042545,2143.219901,
3928,,3782.208976,2171.990883,
3928.5,,3908.700323,2149.472002,
3929,,4316.002621,2160.955276,
3929.5,,4354.275190,2163.375188,
3930,,4166.938600,2171.652022,
3930.5,,3625.342876,2181.975213,
3931,,4029.275172,2156.995087,
3931.5,,4083.315550,2171.656184,
3932,,3907.217323,2150.986666,
3932.5,,3995.112059,2147.734500,
3933,,4147.111234,2149.870490,
3933.5,,3154.012060,2107.362497,
3934,,2474.103783,2006.671514,
3934.5,,2498.327135,1975.117451,
3935,,2528.768413,1970.026427,
3935.5,,2275.294619,1961.208198,
3936,,2633.213234,1953.610728,
3936.5,,3092.288665,2029.115818,
3937,,3268.124600,2035.316700,
3937.5,,3075.460012,2038.090905,
3938,,2895.376720,2030.887066,
3938.5,,2823.358898,2012.901576,
3939,44.461287,3041.617759,1996.801928,1873.029113
3939.5,72.822460,2130.413872,1902.106576,1459.295288
3940,124.949321,2158.213258,1889.014771,924.645338
3940.5,121.247212,2437.595125,1924.132886,1793.452384
3941,119.194715,2331.395982,1908.702281,2202.693860
3941.5,,3961.392809,2047.648735,
3942,,2843.999670,2005.824524,
3942.5,,2425.379659,1977.032093,
3943.5,,1642.294296,1847.543245,
3944,,1755.019126,1849.404629,
3944.5,,3366.698303,1943.286240,
3945,,3785.542366,2054.744047,
3945.5,,3571.179318,2076.714404,
3946,,3645.420050,2094.503127,
3946.5,,3467.712671,2076.128932,
3947,,3764.336406,2085.962920,
3947.5,,3491.592174,2085.701113,
3948,,3554.377861,2085.698938,
3948.5,,3243.194882,2086.164850,
3949,,3784.429769,2101.719566,
3949.5,,3763.000590,2108.116796,
3950,,3691.646815,2106.287144,
3950.5,,3277.291450,2097.475751,
3951,,3579.643693,2078.976407,
3951.5,,3887.470324,2096.219390,
3952,,4073.707296,2128.837651,
3952.5,,4098.731575,2109.084733,
3953,,4230.986886,2146.851136,
3953.5,,3877.923557,2143.640461,
3954,,3983.473493,2143.819160,
3954.5,,3832.859100,2123.227929,
3955,,4053.561160,2138.625489,
3955.5,,4082.571523,2136.704086,
3956,,4010.749017,2148.223650,
3956.5,,4077.891155,2137.366745,
3957,,3890.839819,2138.169782,
3957.5,,3923.870403,2133.022268,
3958,,4007.907628,2146.438602,
3958.5,,3736.575885,2156.633318,
3959,,3886.895418,2140.493183,
3959.5,,3994.678302,2139.570982,
3960,,3933.276302,2137.892397,
3960.5,,3860.019952,2134.329294,
3961,,4155.044584,2155.603673,
3961.5,,4232.743816,2154.725283,
3962,,3973.027639,2144.631421,
3962.5,,4313.078663,2168.312599,
3963,,3961.519088,2157.584751,
3963.5,,4141.775621,2162.632421,
3964,,4075.718577,2144.383004,
3964.5,,4059.781495,2145.160881,
3965,,4169.569078,2159.376970,
3965.5,,4059.959191,2166.463742,
3966,,3265.707091,2120.235160,
3966.5,,2692.148647,2038.872312,
3967,,3386.106030,2038.215627,
3967.5,,4145.187767,2144.705876,
3968,,4052.967817,2136.843119,
3968.5,,3947.943083,2133.708859,
3969,,3998.299210,2142.159028,
3969.5,,3566.454582,2139.263449,
3970,,3899.147024,2136.429923,
3970.5,,3887.144695,2141.891279,
3971,,3984.486698,2134.329709,
3971.5,,4034.562274,2133.371810,
3972,,3906.673302,2132.762427,
3972.5,,3932.125329,2134.396762,
3973,,4256.229794,2147.929737,
3973.5,,3933.862486,2132.344297,
3974,,3867.789546,2138.361103,
3974.5,,3981.168318,2143.799441,
3975,,4358.000742,2147.731170,
3975.5,,4008.701355,2137.583421,
3976,,4243.899496,2132.417615,
3976.5,,4172.870112,2180.276512,
3977,,3709.153401,2153.274427,
3977.5,,3959.671960,2164.403258,
3978,,3871.575929,2150.441506,
3978.5,,3689.106905,2159.006611,
3979,,3785.105974,2150.846998,
3979.5,,3918.793269,2137.433380,
3980,,4113.042362,2155.621514,
3980.5,,3783.454914,2143.612841,
3981,,3513.678198,2129.709996,
3981.5,,3557.013754,2123.253584,
3982,,3618.438454,2119.618452,
3982.5,,3602.610999,2109.142648,
3983,,3648.116928,2120.514288,
3983.5,,3902.923823,2131.469813,
3984,,4060.816992,2136.988397,
3984.5,,3606.319204,2125.092994,
3985,,4004.125833,2160.012484,
3985.5,,4139.837331,2149.488836,
3986,,3742.071783,2137.400580,
3986.5,,3860.775656,2148.294731,
3987,,3846.582425,2152.358802,
3987.5,,3770.452015,2160.902197,
3988,,3742.801838,2146.888574,
3988.5,,4012.718162,2143.576904,
3989,,3932.091318,2140.071387,
3989.5,,3961.933679,2136.397143,
3990,,3896.555813,2156.218467,
3990.5,,3798.088807,2163.764596,
3991,,3875.042143,2162.421904,
3991.5,,3918.433190,2147.907132,
3992,,3859.293052,2138.180083,
3992.5,,4292.872106,2146.611090,
3993,,3822.507283,2158.299542,
3993.5,,3639.759265,2137.269402,
3994,,4054.646148,2165.505680,
3994.5,,4144.420631,2166.039205,
3995,,4172.786543,2173.704380,
3995.5,,3947.195702,2158.430610,
3996,,4091.768913,2158.069071,
3996.5,,3879.187772,2156.834498,
3997,,3750.486052,2151.519485,
3997.5,,3840.539407,2161.034706,
3998,,3866.200061,2153.568584,
3998.5,,4172.572018,2153.727475,
3999,,3843.621457,2143.330734,
3999.5,,4145.295890,2146.041627,
4000,,4094.437127,2143.393008,
4000.5,,4083.273008,2147.814029,
4001,,3748.838883,2157.101977,
4001.5,,3512.012253,2140.473011,
4002,,3973.891294,2129.942948,
4002.5,,3962.378877,2155.189930,
4003,,4045.791236,2143.526728,
4003.5,,3474.812979,2127.898139,
4004,,3547.252727,2154.882068,
4004.5,,3861.833428,2156.417232,
4005,,4219.367221,2188.263767,
4005.5,,3958.775780,2157.295822,
4006,,4100.879226,2171.938498,
4006.5,,3957.628436,2187.338445,
4007,,4065.393100,2176.316767,
4007.5,,4348.210282,2190.654515,
4008,,3987.135434,2185.292759,
4008.5,,4278.268421,2175.489532,
4009,,4585.072423,2195.803981,
4009.5,,4263.731029,2179.355886,
4010,,3919.661273,2179.343990,
4010.5,,4035.189890,2162.485608,
4011,,4158.103045,2161.778672,
4011.5,,4063.382364,2170.518573,
4012,,4085.322376,2166.335828,
4012.5,,3856.986208,2140.367338,
4013,,3948.765323,2143.197082,
4013.5,,4053.337319,2163.568362,
4014,,3456.295655,2154.621955,
4014.5,,4167.104071,2168.867478,
4015,,4146.434737,2210.011399,
4015.5,,4079.648006,2187.915855,
4016,,4125.626933,2179.881367,
4016.5,,3832.557961,2169.610728,
4017,,3714.236724,2141.957073,
4017.5,,4022.631368,2183.936118,
4018,,3651.351205,2169.805695,
4018.5,,4267.326458,2182.186751,
4019,,3895.331403,2175.645097,
4019.5,,4000.195108,2168.695391,
4020,,4177.333508,2190.263384,
4020.5,,3836.157948,2153.058417,
4021,,4179.824873,2175.501720,
4021.5,,4012.121446,2170.619378,
4022,,3909.956903,2159.989363,
4022.5,,4057.478841,2175.309769,
4023,,4014.051645,2169.621612,
4023.5,,4287.280655,2178.283243,
4024,,4157.074734,2159.162340,
4024.5,,3650.114041,2150.639315,
4025,,4308.201462,2180.124957,
4025.5,,3688.113869,2186.219317,
4026,,3876.832529,2149.146318,
4026.5,,4200.372341,2185.781304,
4027,,4082.875848,2176.463706,
4027.5,,4021.111010,2168.411592,
4028,,4295.101901,2185.379215,
4028.5,,3895.344753,2164.787873,
4029,,3460.305003,2110.494562,
4029.5,,2689.003935,2028.113440,
4030,,4162.725028,2046.190724,
4030.5,,4273.124223,2178.826380,
4031,,3663.908127,2162.925215,
4031.5,,4567.480934,2156.040866,
4032,,4196.926570,2170.074992,
4032.5,,4016.872753,2141.030617,
4033,135.200000,4201.868456,2158.120822,2018.400000
4033.5,135.200000,2945.653955,2050.208989,2018.400000
4034,130.025203,2575.821041,1997.398272,352.150325
4034.5,80.738924,3353.602995,2020.333306,511.328805
4035,93.322437,3284.684833,2079.545826,1197.930867
4035.5,120.614724,2588.389672,2002.304267,2143.257055
4036,119.780000,3907.537978,2044.416188,2063.560000
4036.5,,4865.358076,2118.497360,
4037,,5652.050000,2128.400000,
4037.5,,3936.505559,2162.664063,
4038,,3739.754473,2152.755591,
4038.5,,4117.557250,2161.320965,
4039,,3964.403108,2164.445643,
4039.5,,4349.556632,2168.684600,
4040,,4028.240811,2158.339506,
4040.5,,3907.585869,2157.453932,
4041,,3731.473471,2152.337585,
4041.5,,4255.144667,2160.665910,
4042,,3904.070091,2135.578704,
4042.5,,4030.657938,2138.216071,
4043,,3951.189032,2149.953532,
4043.5,,4059.012124,2155.998055,
4044,,4191.626295,2152.650692,
4044.5,,3473.923296,2165.135856,
4045,,3485.440229,2105.977466,
4045.5,,3607.212382,2122.635190,
4046,,3623.833349,2115.858735,
4046.5,,3970.698058,2149.951568,
4047,,4007.791198,2156.240927,
4047.5,,4145.171161,2175.573314,
4048,,3915.463704,2157.509917,
4048.5,,4084.444575,2166.876269,
4049,,3957.389811,2170.704131,
4049.5,,3645.901755,2164.447815,
4050,,3842.593625,2159.982460,
4050.5,,4067.732169,2171.922350,
4051,,3876.269482,2162.902304,
4051.5,,3935.996749,2169.318223,
4052,,4066.473322,2183.517229,
4052.5,,3860.884407,2168.768798,
4053,,3989.253852,2182.659264,
4053.5,,3684.095060,2156.993800,
4054,,4126.887693,2171.081060,
4054.5,,3972.951873,2165.002391,
4055,,3807.362627,2176.688261,
4055.5,,3870.080568,2153.124596,
4056,,4222.965600,2178.861415,
4056.5,,4029.441751,2158.245251,
4057,,3984.052701,2165.751777,
4057.5,,4001.208383,2162.846209,
4058,,4238.518700,2171.138592,
4058.5,,4172.263544,2161.635407,
4059,,4130.407350,2177.954010,
4059.5,127.990184,3976.163325,2167.567443,845.977717
4060,127.226308,2881.720587,2077.024191,446.080619
4060.5,126.400000,2826.921739,2072.821739,13.500000
